cores,m,k,n,time,GFLOPS
1,12000,12000,12000,53.084522,65.103723
1,12000,12000,12000,53.101613,65.082769
1,12000,12000,12000,53.085729,65.102242
1,12000,12000,12000,53.114168,65.067384
1,12000,12000,12000,53.115394,65.065883
1,12000,12000,12000,53.094448,65.091552
1,12000,12000,12000,53.107891,65.075076
1,12000,12000,12000,53.093566,65.092633
1,12000,12000,12000,53.088968,65.098271
