cores,m,k,n,time,GFLOPS
1,12000,12000,12000,51.368100,67.279110
1,12000,12000,12000,51.125738,67.598046
1,12000,12000,12000,51.351913,67.300316
1,12000,12000,12000,51.170529,67.538876
1,12000,12000,12000,51.166567,67.544106
1,12000,12000,12000,51.169131,67.540721
1,12000,12000,12000,51.169415,67.540347
1,12000,12000,12000,51.581163,67.001204
1,12000,12000,12000,51.174200,67.534031
