cores,m,k,n,time,GFLOPS
1,12000,12000,12000,50.351335,68.637704
1,12000,12000,12000,50.326027,68.672220
1,12000,12000,12000,50.284583,68.728819
1,12000,12000,12000,50.324214,68.674694
1,12000,12000,12000,50.325589,68.672817
1,12000,12000,12000,50.335825,68.658852
1,12000,12000,12000,50.313429,68.689415
1,12000,12000,12000,50.300861,68.706577
1,12000,12000,12000,50.308595,68.696015
1,