cores,m,k,n,time,GFLOPS
1,12000,12000,12000,71.351877,48.436007
1,