size,cores,time
10000,1,1.037986
10000,1,1.038127
10000,1,1.038697
10000,1,1.038497
10000,1,1.038357
14142,2,1.043732
14142,2,1.043943
14142,2,1.044281
14142,2,1.042898
14142,2,1.092877
17321,3,1.047079
17321,3,1.146532
17321,3,1.142619
17321,3,1.133616
17321,3,1.058383
20000,4,1.189409
20000,4,1.184333
20000,4,1.086753
20000,4,1.050272
20000,4,1.105107
22361,5,1.102562
22361,5,1.316570
22361,5,1.105984
22361,5,1.165626
22361,5,1.115767
